{"cameraMode":{"drawMode":0,"name":"Shaded","section":"Shading Mode"},"sceneLighting":true,"audioPlay":false,"sceneViewState":{"m_AlwaysRefresh":true,"showFog":true,"showSkybox":true,"showFlares":true,"showImageEffects":true,"showParticleSystems":true,"showVisualEffectGraphs":true,"m_FxEnabled":true},"in2DMode":false,"pivot":{"x":-3.762622356414795,"y":-5.092312812805176,"z":30.621728897094728},"rotation":{"x":-0.025864416733384134,"y":-0.9650014042854309,"z":0.23922264575958253,"w":-0.10433840751647949},"size":10.353630065917969,"orthographic":false}